Workbook

Sheet Лаг1
A1: t | B1: y (t) | C1: y (t-1) | D1: y (t) - у (1)ср | E1: y (t-1) - у (2)ср | F1: (y (t) - у (1)ср)*(y (t-1) - у (2)ср) | G1: (y (t) - у (1)ср)^2 | H1: (y (t-1) - у (2)ср)^2
A2: 1 | B2: 375
A3: 2 | B3: 371 | C3: =B2 -> 375 | D3: =B3-$B$19 -> -328.93333 | E3: =C3-$C$19 -> -335.5 | F3: =D3*E3 -> 110357.13 | G3: =D3*D3 -> 108197.14 | H3: =E3*E3 -> 112560.25
A4: 3 | B4: 869 | C4: =B3 -> 371 | D4: =B4-$B$19 -> 169.06667 | E4: =C4-$C$19 -> -339.5 | F4: =D4*E4 -> -57398.133 | G4: =D4*D4 -> 28583.538 | H4: =E4*E4 -> 115260.25
A5: 4 | B5: 1015 | C5: =B4 -> 869 | D5: =B5-$B$19 -> 315.06667 | E5: =C5-$C$19 -> 158.5 | F5: =D5*E5 -> 49938.067 | G5: =D5*D5 -> 99267.004 | H5: =E5*E5 -> 25122.25
A6: 5 | B6: 357 | C6: =B5 -> 1015 | D6: =B6-$B$19 -> -342.93333 | E6: =C6-$C$19 -> 304.5 | F6: =D6*E6 -> -104423.2 | G6: =D6*D6 -> 117603.27 | H6: =E6*E6 -> 92720.25
A7: 6 | B7: 471 | C7: =B6 -> 357 | D7: =B7-$B$19 -> -228.93333 | E7: =C7-$C$19 -> -353.5 | F7: =D7*E7 -> 80927.933 | G7: =D7*D7 -> 52410.471 | H7: =E7*E7 -> 124962.25
A8: 7 | B8: 992 | C8: =B7 -> 471 | D8: =B8-$B$19 -> 292.06667 | E8: =C8-$C$19 -> -239.5 | F8: =D8*E8 -> -69949.967 | G8: =D8*D8 -> 85302.938 | H8: =E8*E8 -> 57360.25
A9: 8 | B9: 1020 | C9: =B8 -> 992 | D9: =B9-$B$19 -> 320.06667 | E9: =C9-$C$19 -> 281.5 | F9: =D9*E9 -> 90098.767 | G9: =D9*D9 -> 102442.67 | H9: =E9*E9 -> 79242.25
A10: 9 | B10: 390 | C10: =B9 -> 1020 | D10: =B10-$B$19 -> -309.93333 | E10: =C10-$C$19 -> 309.5 | F10: =D10*E10 -> -95924.367 | G10: =D10*D10 -> 96058.671 | H10: =E10*E10 -> 95790.25
A11: 10 | B11: 355 | C11: =B10 -> 390 | D11: =B11-$B$19 -> -344.93333 | E11: =C11-$C$19 -> -320.5 | F11: =D11*E11 -> 110551.13 | G11: =D11*D11 -> 118979 | H11: =E11*E11 -> 102720.25
A12: 11 | B12: 992 | C12: =B11 -> 355 | D12: =B12-$B$19 -> 292.06667 | E12: =C12-$C$19 -> -355.5 | F12: =D12*E12 -> -103829.7 | G12: =D12*D12 -> 85302.938 | H12: =E12*E12 -> 126380.25
A13: 12 | B13: 905 | C13: =B12 -> 992 | D13: =B13-$B$19 -> 205.06667 | E13: =C13-$C$19 -> 281.5 | F13: =D13*E13 -> 57726.267 | G13: =D13*D13 -> 42052.338 | H13: =E13*E13 -> 79242.25
A14: 13 | B14: 461 | C14: =B13 -> 905 | D14: =B14-$B$19 -> -238.93333 | E14: =C14-$C$19 -> 194.5 | F14: =D14*E14 -> -46472.533 | G14: =D14*D14 -> 57089.138 | H14: =E14*E14 -> 37830.25
... A16: 15 | B16: 920 | C16: =B15 -> 454 | D16: =B16-$B$19 -> 220.06667 | E16: =C16-$C$19 -> -256.5 | F16: =D16*E16 -> -56447.1 | G16: =D16*D16 -> 48429.338 | H16: =E16*E16 -> 65792.25
A17: 16 | B17: =927-375 -> 552 | C17: =B16 -> 920 | D17: =B17-$B$19 -> -147.93333 | E17: =C17-$C$19 -> 209.5 | F17: =D17*E17 -> -30992.033 | G17: =D17*D17 -> 21884.271 | H17: =E17*E17 -> 43890.25
A18: Сумма | B18: =SUM(B2:B17) -> 10499 | C18: =SUM(C3:C17) -> 9947 | F18: =SUM(F2:F17) -> -4477.3667 | G18: =SUM(G2:G17) -> 1124085.9 | H18: =SUM(H2:H17) -> 1221123.8
A19: Среднее | B19: =B18/(COUNT(B2:B17)-1) -> 699.93333 | C19: =C18/(COUNTA(C2:C17)-1) -> 710.5
A21: r
A22: =F18/SQRT(G18*H18) -> -0.003821581

Sheet Лаг2
A1: t | B1: yt | C1: y t-1
A2: 1 | B2: 375
A3: 2 | B3: 371
A4: 3 | B4: 869 | C4: =B2 -> 375 | D4: =B4-$B$19 -> 145.85714 | E4: =C4-$C$19 -> -319.38462 | F4: =D4*E4 -> -46584.527 | G4: =D4*D4 -> 21274.306 | H4: =E4*E4 -> 102006.53
A5: 4 | B5: 1015 | C5: =B3 -> 371 | D5: =B5-$B$19 -> 291.85714 | E5: =C5-$C$19 -> -323.38462 | F5: =D5*E5 -> -94382.11 | G5: =D5*D5 -> 85180.592 | H5: =E5*E5 -> 104577.61
A6: 5 | B6: 357 | C6: =B4 -> 869 | D6: =B6-$B$19 -> -366.14286 | E6: =C6-$C$19 -> 174.61538 | F6: =D6*E6 -> -63934.176 | G6: =D6*D6 -> 134060.59 | H6: =E6*E6 -> 30490.533
A7: 6 | B7: 471 | C7: =B5 -> 1015 | D7: =B7-$B$19 -> -252.14286 | E7: =C7-$C$19 -> 320.61538 | F7: =D7*E7 -> -80840.879 | G7: =D7*D7 -> 63576.02 | H7: =E7*E7 -> 102794.22
A8: 7 | B8: 992 | C8: =B6 -> 357 | D8: =B8-$B$19 -> 268.85714 | E8: =C8-$C$19 -> -337.38462 | F8: =D8*E8 -> -90708.264 | G8: =D8*D8 -> 72284.163 | H8: =E8*E8 -> 113828.38
A9: 8 | B9: 1020 | C9: =B7 -> 471 | D9: =B9-$B$19 -> 296.85714 | E9: =C9-$C$19 -> -223.38462 | F9: =D9*E9 -> -66313.319 | G9: =D9*D9 -> 88124.163 | H9: =E9*E9 -> 49900.686
A10: 9 | B10: 390 | C10: =B8 -> 992 | D10: =B10-$B$19 -> -333.14286 | E10: =C10-$C$19 -> 297.61538 | F10: =D10*E10 -> -99148.44 | G10: =D10*D10 -> 110984.16 | H10: =E10*E10 -> 88574.917
A11: 10 | B11: 355 | C11: =B9 -> 1020 | D11: =B11-$B$19 -> -368.14286 | E11: =C11-$C$19 -> 325.61538 | F11: =D11*E11 -> -119872.98 | G11: =D11*D11 -> 135529.16 | H11: =E11*E11 -> 106025.38
A12: 11 | B12: 992 | C12: =B10 -> 390 | D12: =B12-$B$19 -> 268.85714 | E12: =C12-$C$19 -> -304.38462 | F12: =D12*E12 -> -81835.978 | G12: =D12*D12 -> 72284.163 | H12: =E12*E12 -> 92649.994
A13: 12 | B13: 905 | C13: =B11 -> 355 | D13: =B13-$B$19 -> 181.85714 | E13: =C13-$C$19 -> -339.38462 | F13: =D13*E13 -> -61719.516 | G13: =D13*D13 -> 33072.02 | H13: =E13*E13 -> 115181.92
A14: 13 | B14: 461 | C14: =B12 -> 992 | D14: =B14-$B$19 -> -262.14286 | E14: =C14-$C$19 -> 297.61538 | F14: =D14*E14 -> -78017.747 | G14: =D14*D14 -> 68718.878 | H14: =E14*E14 -> 88574.917
A15: 14 | B15: 454 | C15: =B13 -> 905 | D15: =B15-$B$19 -> -269.14286 | E15: =C15-$C$19 -> 210.61538 | F15: =D15*E15 -> -56685.626 | G15: =D15*D15 -> 72437.878 | H15: =E15*E15 -> 44358.84
A16: 15 | B16: 920 | C16: =B14 -> 461 | D16: =B16-$B$19 -> 196.85714 | E16: =C16-$C$19 -> -233.38462 | F16: =D16*E16 -> -45943.429 | G16: =D16*D16 -> 38752.735 | H16: =E16*E16 -> 54468.379
A17: 16 | B17: =927-375 -> 552 | C17: =B15 -> 454 | D17: =B17-$B$19 -> -171.14286 | E17: =C17-$C$19 -> -240.38462 | F17: =D17*E17 -> 41140.11 | G17: =D17*D17 -> 29289.878 | H17: =E17*E17 -> 57784.763
A18: Сумма | B18: =SUM(B3:B17) -> 10124 | C18: =SUM(C3:C17) -> 9027 | F18: =SUM(F2:F17) -> -944846.88 | G18: =SUM(G2:G17) -> 1025568.7 | H18: =SUM(H2:H17) -> 1151217.1
A19: Среднее | B19: =B18/(COUNT(B2:B17)-2) -> 723.14286 | C19: =C18/(COUNTA(C2:C17)-1) -> 694.38462
A22: =F18/SQRT(G18*H18) -> -0.86956178

Sheet Лаг3
A1: t | B1: yt | C1: y t-1
A2: 1 | B2: 375
A3: 2 | B3: 371
A4: 3 | B4: 869
A5: 4 | B5: 1015 | C5: =B2 -> 375 | D5: =B5-$B$19 -> 264.76923 | E5: =C5-$C$19 -> -339.41667 | F5: =D5*E5 -> -89867.09 | G5: =D5*D5 -> 70102.746 | H5: =E5*E5 -> 115203.67
A6: 5 | B6: 357 | C6: =B3 -> 371 | D6: =B6-$B$19 -> -393.23077 | E6: =C6-$C$19 -> -343.41667 | F6: =D6*E6 -> 135042 | G6: =D6*D6 -> 154630.44 | H6: =E6*E6 -> 117935.01
A7: 6 | B7: 471 | C7: =B4 -> 869 | D7: =B7-$B$19 -> -279.23077 | E7: =C7-$C$19 -> 154.58333 | F7: =D7*E7 -> -43164.423 | G7: =D7*D7 -> 77969.822 | H7: =E7*E7 -> 23896.007
A8: 7 | B8: 992 | C8: =B5 -> 1015 | D8: =B8-$B$19 -> 241.76923 | E8: =C8-$C$19 -> 300.58333 | F8: =D8*E8 -> 72671.801 | G8: =D8*D8 -> 58452.361 | H8: =E8*E8 -> 90350.34
A9: 8 | B9: 1020 | C9: =B6 -> 357 | D9: =B9-$B$19 -> 269.76923 | E9: =C9-$C$19 -> -357.41667 | F9: =D9*E9 -> -96420.019 | G9: =D9*D9 -> 72775.438 | H9: =E9*E9 -> 127746.67
A10: 9 | B10: 390 | C10: =B7 -> 471 | D10: =B10-$B$19 -> -360.23077 | E10: =C10-$C$19 -> -243.41667 | F10: =D10*E10 -> 87686.173 | G10: =D10*D10 -> 129766.21 | H10: =E10*E10 -> 59251.674
A11: 10 | B11: 355 | C11: =B8 -> 992 | D11: =B11-$B$19 -> -395.23077 | E11: =C11-$C$19 -> 277.58333 | F11: =D11*E11 -> -109709.47 | G11: =D11*D11 -> 156207.36 | H11: =E11*E11 -> 77052.507
A12: 11 | B12: 992 | C12: =B9 -> 1020 | D12: =B12-$B$19 -> 241.76923 | E12: =C12-$C$19 -> 305.58333 | F12: =D12*E12 -> 73880.647 | G12: =D12*D12 -> 58452.361 | H12: =E12*E12 -> 93381.174
A13: 12 | B13: 905 | C13: =B10 -> 390 | D13: =B13-$B$19 -> 154.76923 | E13: =C13-$C$19 -> -324.41667 | F13: =D13*E13 -> -50209.718 | G13: =D13*D13 -> 23953.515 | H13: =E13*E13 -> 105246.17
A14: 13 | B14: 461 | C14: =B11 -> 355 | D14: =B14-$B$19 -> -289.23077 | E14: =C14-$C$19 -> -359.41667 | F14: =D14*E14 -> 103954.36 | G14: =D14*D14 -> 83654.438 | H14: =E14*E14 -> 129180.34
A15: 14 | B15: 454 | C15: =B12 -> 992 | D15: =B15-$B$19 -> -296.23077 | E15: =C15-$C$19 -> 277.58333 | F15: =D15*E15 -> -82228.724 | G15: =D15*D15 -> 87752.669 | H15: =E15*E15 -> 77052.507
A16: 15 | B16: 920 | C16: =B13 -> 905 | D16: =B16-$B$19 -> 169.76923 | E16: =C16-$C$19 -> 190.58333 | F16: =D16*E16 -> 32355.186 | G16: =D16*D16 -> 28821.592 | H16: =E16*E16 -> 36322.007
A17: 16 | B17: =927-375 -> 552 | C17: =B14 -> 461 | D17: =B17-$B$19 -> -198.23077 | E17: =C17-$C$19 -> -253.41667 | F17: =D17*E17 -> 50234.981 | G17: =D17*D17 -> 39295.438 | H17: =E17*E17 -> 64220.007
A18: Сумма | B18: =SUM(B4:B17) -> 9753 | C18: =SUM(C5:C17) -> 8573 | F18: =SUM(F2:F17) -> 84225.699 | G18: =SUM(G2:G17) -> 1041834.4 | H18: =SUM(H2:H17) -> 1116838.1
A19: Среднее | B19: =B18/(COUNT(B2:B17)-3) -> 750.23077 | C19: =C18/(COUNTA(C2:C17)-1) -> 714.41667
A22: =F18/SQRT(G18*H18) -> 0.078081864

Sheet Лаг4
A1: t | B1: yt | C1: y t-1
A2: 1 | B2: 375
A3: 2 | B3: 371
A4: 3 | B4: 869
A5: 4 | B5: 1015
A6: 5 | B6: 357 | C6: =B2 -> 375 | D6: =B6-$B$19 -> -383.33333 | E6: =C6-$C$19 -> -362.45455 | F6: =D6*E6 -> 138940.91 | G6: =D6*D6 -> 146944.44 | H6: =E6*E6 -> 131373.3
A7: 6 | B7: 471 | C7: =B3 -> 371 | D7: =B7-$B$19 -> -269.33333 | E7: =C7-$C$19 -> -366.45455 | F7: =D7*E7 -> 98698.424 | G7: =D7*D7 -> 72540.444 | H7: =E7*E7 -> 134288.93
A8: 7 | B8: 992 | C8: =B4 -> 869 | D8: =B8-$B$19 -> 251.66667 | E8: =C8-$C$19 -> 131.54545 | F8: =D8*E8 -> 33105.606 | G8: =D8*D8 -> 63336.111 | H8: =E8*E8 -> 17304.207
A9: 8 | B9: 1020 | C9: =B5 -> 1015 | D9: =B9-$B$19 -> 279.66667 | E9: =C9-$C$19 -> 277.54545 | F9: =D9*E9 -> 77620.212 | G9: =D9*D9 -> 78213.444 | H9: =E9*E9 -> 77031.479
A10: 9 | B10: 390 | C10: =B6 -> 357 | D10: =B10-$B$19 -> -350.33333 | E10: =C10-$C$19 -> -380.45455 | F10: =D10*E10 -> 133285.91 | G10: =D10*D10 -> 122733.44 | H10: =E10*E10 -> 144745.66
A11: 10 | B11: 355 | C11: =B7 -> 471 | D11: =B11-$B$19 -> -385.33333 | E11: =C11-$C$19 -> -266.45455 | F11: =D11*E11 -> 102673.82 | G11: =D11*D11 -> 148481.78 | H11: =E11*E11 -> 70998.025
A12: 11 | B12: 992 | C12: =B8 -> 992 | D12: =B12-$B$19 -> 251.66667 | E12: =C12-$C$19 -> 254.54545 | F12: =D12*E12 -> 64060.606 | G12: =D12*D12 -> 63336.111 | H12: =E12*E12 -> 64793.388
A13: 12 | B13: 905 | C13: =B9 -> 1020 | D13: =B13-$B$19 -> 164.66667 | E13: =C13-$C$19 -> 282.54545 | F13: =D13*E13 -> 46525.818 | G13: =D13*D13 -> 27115.111 | H13: =E13*E13 -> 79831.934
A14: 13 | B14: 461 | C14: =B10 -> 390 | D14: =B14-$B$19 -> -279.33333 | E14: =C14-$C$19 -> -347.45455 | F14: =D14*E14 -> 97055.636 | G14: =D14*D14 -> 78027.111 | H14: =E14*E14 -> 120724.66
A15: 14 | B15: 454 | C15: =B11 -> 355 | D15: =B15-$B$19 -> -286.33333 | E15: =C15-$C$19 -> -382.45455 | F15: =D15*E15 -> 109509.48 | G15: =D15*D15 -> 81986.778 | H15: =E15*E15 -> 146271.48
A16: 15 | B16: 920 | C16: =B12 -> 992 | D16: =B16-$B$19 -> 179.66667 | E16: =C16-$C$19 -> 254.54545 | F16: =D16*E16 -> 45733.333 | G16: =D16*D16 -> 32280.111 | H16: =E16*E16 -> 64793.388
A17: 16 | B17: =927-375 -> 552 | C17: =B13 -> 905 | D17: =B17-$B$19 -> -188.33333 | E17: =C17-$C$19 -> 167.54545 | F17: =D17*E17 -> -31554.394 | G17: =D17*D17 -> 35469.444 | H17: =E17*E17 -> 28071.479
A18: Сумма | B18: =SUM(B5:B17) -> 8884 | C18: =SUM(C5:C17) -> 8112 | F18: =SUM(F2:F17) -> 915655.36 | G18: =SUM(G2:G17) -> 950464.33 | H18: =SUM(H2:H17) -> 1080227.9
A19: Среднее | B19: =B18/(COUNT(B2:B17)-4) -> 740.33333 | C19: =C18/(COUNTA(C2:C17)-1) -> 737.45455
A22: =F18/SQRT(G18*H18) -> 0.90366285

Sheet Лаг5
A1: t | B1: yt | C1: y t-1
A2: 1 | B2: 375
A3: 2 | B3: 371
A4: 3 | B4: 869
A5: 4 | B5: 1015
A6: 5 | B6: 357
A7: 6 | B7: 471 | C7: =B2 -> 375 | D7: =B7-$B$19 -> -244.36364 | E7: =C7-$C$19 -> -345.7 | F7: =D7*E7 -> 84476.509 | G7: =D7*D7 -> 59713.587 | H7: =E7*E7 -> 119508.49
A8: 7 | B8: 992 | C8: =B3 -> 371 | D8: =B8-$B$19 -> 276.63636 | E8: =C8-$C$19 -> -349.7 | F8: =D8*E8 -> -96739.736 | G8: =D8*D8 -> 76527.678 | H8: =E8*E8 -> 122290.09
A9: 8 | B9: 1020 | C9: =B4 -> 869 | D9: =B9-$B$19 -> 304.63636 | E9: =C9-$C$19 -> 148.3 | F9: =D9*E9 -> 45177.573 | G9: =D9*D9 -> 92803.314 | H9: =E9*E9 -> 21992.89
A10: 9 | B10: 390 | C10: =B5 -> 1015 | D10: =B10-$B$19 -> -325.36364 | E10: =C10-$C$19 -> 294.3 | F10: =D10*E10 -> -95754.518 | G10: =D10*D10 -> 105861.5 | H10: =E10*E10 -> 86612.49
A11: 10 | B11: 355 | C11: =B6 -> 357 | D11: =B11-$B$19 -> -360.36364 | E11: =C11-$C$19 -> -363.7 | F11: =D11*E11 -> 131064.25 | G11: =D11*D11 -> 129861.95 | H11: =E11*E11 -> 132277.69
A12: 11 | B12: 992 | C12: =B7 -> 471 | D12: =B12-$B$19 -> 276.63636 | E12: =C12-$C$19 -> -249.7 | F12: =D12*E12 -> -69076.1 | G12: =D12*D12 -> 76527.678 | H12: =E12*E12 -> 62350.09
A13: 12 | B13: 905 | C13: =B8 -> 992 | D13: =B13-$B$19 -> 189.63636 | E13: =C13-$C$19 -> 271.3 | F13: =D13*E13 -> 51448.345 | G13: =D13*D13 -> 35961.95 | H13: =E13*E13 -> 73603.69
A14: 13 | B14: 461 | C14: =B9 -> 1020 | D14: =B14-$B$19 -> -254.36364 | E14: =C14-$C$19 -> 299.3 | F14: =D14*E14 -> -76131.036 | G14: =D14*D14 -> 64700.86 | H14: =E14*E14 -> 89580.49
A15: 14 | B15: 454 | C15: =B10 -> 390 | D15: =B15-$B$19 -> -261.36364 | E15: =C15-$C$19 -> -330.7 | F15: =D15*E15 -> 86432.955 | G15: =D15*D15 -> 68310.95 | H15: =E15*E15 -> 109362.49
A16: 15 | B16: 920 | C16: =B11 -> 355 | D16: =B16-$B$19 -> 204.63636 | E16: =C16-$C$19 -> -365.7 | F16: =D16*E16 -> -74835.518 | G16: =D16*D16 -> 41876.041 | H16: =E16*E16 -> 133736.49
A17: 16 | B17: =927-375 -> 552 | C17: =B12 -> 992 | D17: =B17-$B$19 -> -163.36364 | E17: =C17-$C$19 -> 271.3 | F17: =D17*E17 -> -44320.555 | G17: =D17*D17 -> 26687.678 | H17: =E17*E17 -> 73603.69
A18: Сумма | B18: =SUM(B6:B17) -> 7869 | C18: =SUM(C7:C17) -> 7207 | F18: =SUM(F2:F17) -> -58257.827 | G18: =SUM(G2:G17) -> 778833.18 | H18: =SUM(H2:H17) -> 1024918.6
A19: Среднее | B19: =B18/(COUNT(B2:B17)-5) -> 715.36364 | C19: =C18/(COUNTA(C2:C17)-1) -> 720.7
A22: =F18/SQRT(G18*H18) -> -0.065205972

Sheet Лаг6
A1: t | B1: yt | C1: y t-1
A2: 1 | B2: 375
A3: 2 | B3: 371
A4: 3 | B4: 869
A5: 4 | B5: 1015
A6: 5 | B6: 357
A7: 6 | B7: 471
A8: 7 | B8: 992 | C8: =B2 -> 375 | D8: =B8-$B$19 -> 240.8 | E8: =C8-$C$19 -> -315.55556 | F8: =D8*E8 -> -75985.778 | G8: =D8*D8 -> 57984.64 | H8: =E8*E8 -> 99575.309
A9: 8 | B9: 1020 | C9: =B3 -> 371 | D9: =B9-$B$19 -> 268.8 | E9: =C9-$C$19 -> -319.55556 | F9: =D9*E9 -> -85896.533 | G9: =D9*D9 -> 72253.44 | H9: =E9*E9 -> 102115.75
A10: 9 | B10: 390 | C10: =B4 -> 869 | D10: =B10-$B$19 -> -361.2 | E10: =C10-$C$19 -> 178.44444 | F10: =D10*E10 -> -64454.133 | G10: =D10*D10 -> 130465.44 | H10: =E10*E10 -> 31842.42
A11: 10 | B11: 355 | C11: =B5 -> 1015 | D11: =B11-$B$19 -> -396.2 | E11: =C11-$C$19 -> 324.44444 | F11: =D11*E11 -> -128544.89 | G11: =D11*D11 -> 156974.44 | H11: =E11*E11 -> 105264.2
A12: 11 | B12: 992 | C12: =B6 -> 357 | D12: =B12-$B$19 -> 240.8 | E12: =C12-$C$19 -> -333.55556 | F12: =D12*E12 -> -80320.178 | G12: =D12*D12 -> 57984.64 | H12: =E12*E12 -> 111259.31
A13: 12 | B13: 905 | C13: =B7 -> 471 | D13: =B13-$B$19 -> 153.8 | E13: =C13-$C$19 -> -219.55556 | F13: =D13*E13 -> -33767.644 | G13: =D13*D13 -> 23654.44 | H13: =E13*E13 -> 48204.642
A14: 13 | B14: 461 | C14: =B8 -> 992 | D14: =B14-$B$19 -> -290.2 | E14: =C14-$C$19 -> 301.44444 | F14: =D14*E14 -> -87479.178 | G14: =D14*D14 -> 84216.04 | H14: =E14*E14 -> 90868.753
A15: 14 | B15: 454 | C15: =B9 -> 1020 | D15: =B15-$B$19 -> -297.2 | E15: =C15-$C$19 -> 329.44444 | F15: =D15*E15 -> -97910.889 | G15: =D15*D15 -> 88327.84 | H15: =E15*E15 -> 108533.64
A16: 15 | B16: 920 | C16: =B10 -> 390 | D16: =B16-$B$19 -> 168.8 | E16: =C16-$C$19 -> -300.55556 | F16: =D16*E16 -> -50733.778 | G16: =D16*D16 -> 28493.44 | H16: =E16*E16 -> 90333.642
A17: 16 | B17: =927-375 -> 552 | C17: =B11 -> 355 | D17: =B17-$B$19 -> -199.2 | E17: =C17-$C$19 -> -335.55556 | F17: =D17*E17 -> 66842.667 | G17: =D17*D17 -> 39680.64 | H17: =E17*E17 -> 112597.53
A18: Сумма | B18: =SUM(B7:B17) -> 7512 | C18: =SUM(C8:C17) -> 6215 | F18: =SUM(F2:F17) -> -638250.33 | G18: =SUM(G2:G17) -> 740035 | H18: =SUM(H2:H17) -> 900595.2
A19: Среднее | B19: =B18/(COUNT(B2:B17)-6) -> 751.2 | C19: =C18/(COUNTA(C2:C17)-1) -> 690.55556
A22: =F18/SQRT(G18*H18) -> -0.78180799

Sheet Лаг7
A1: t | B1: yt | C1: y t-1
A2: 1 | B2: 375
A3: 2 | B3: 371
A4: 3 | B4: 869
A5: 4 | B5: 1015
A6: 5 | B6: 357
A7: 6 | B7: 471
A8: 7 | B8: 992
A9: 8 | B9: 1020 | C9: =B2 -> 375 | D9: =B9-$B$19 -> 237.66667 | E9: =C9-$C$19 -> -357.5 | F9: =D9*E9 -> -84965.833 | G9: =D9*D9 -> 56485.444 | H9: =E9*E9 -> 127806.25
A10: 9 | B10: 390 | C10: =B3 -> 371 | D10: =B10-$B$19 -> -392.33333 | E10: =C10-$C$19 -> -361.5 | F10: =D10*E10 -> 141828.5 | G10: =D10*D10 -> 153925.44 | H10: =E10*E10 -> 130682.25
A11: 10 | B11: 355 | C11: =B4 -> 869 | D11: =B11-$B$19 -> -427.33333 | E11: =C11-$C$19 -> 136.5 | F11: =D11*E11 -> -58331 | G11: =D11*D11 -> 182613.78 | H11: =E11*E11 -> 18632.25
A12: 11 | B12: 992 | C12: =B5 -> 1015 | D12: =B12-$B$19 -> 209.66667 | E12: =C12-$C$19 -> 282.5 | F12: =D12*E12 -> 59230.833 | G12: =D12*D12 -> 43960.111 | H12: =E12*E12 -> 79806.25
A13: 12 | B13: 905 | C13: =B6 -> 357 | D13: =B13-$B$19 -> 122.66667 | E13: =C13-$C$19 -> -375.5 | F13: =D13*E13 -> -46061.333 | G13: =D13*D13 -> 15047.111 | H13: =E13*E13 -> 141000.25
A14: 13 | B14: 461 | C14: =B7 -> 471 | D14: =B14-$B$19 -> -321.33333 | E14: =C14-$C$19 -> -261.5 | F14: =D14*E14 -> 84028.667 | G14: =D14*D14 -> 103255.11 | H14: =E14*E14 -> 68382.25
A15: 14 | B15: 454 | C15: =B8 -> 992 | D15: =B15-$B$19 -> -328.33333 | E15: =C15-$C$19 -> 259.5 | F15: =D15*E15 -> -85202.5 | G15: =D15*D15 -> 107802.78 | H15: =E15*E15 -> 67340.25
A16: 15 | B16: 920 | C16: =B9 -> 1020 | D16: =B16-$B$19 -> 137.66667 | E16: =C16-$C$19 -> 287.5 | F16: =D16*E16 -> 39579.167 | G16: =D16*D16 -> 18952.111 | H16: =E16*E16 -> 82656.25
A17: 16 | B17: =927-375 -> 552 | C17: =B10 -> 390 | D17: =B17-$B$19 -> -230.33333 | E17: =C17-$C$19 -> -342.5 | F17: =D17*E17 -> 78889.167 | G17: =D17*D17 -> 53053.444 | H17: =E17*E17 -> 117306.25
A18: Сумма | B18: =SUM(B8:B17) -> 7041 | C18: =SUM(C9:C17) -> 5860 | F18: =SUM(F2:F17) -> 128995.67 | G18: =SUM(G2:G17) -> 735095.33 | H18: =SUM(H2:H17) -> 833612.25
A19: Среднее | B19: =B18/(COUNT(B2:B17)-7) -> 782.33333 | C19: =C18/(COUNTA(C2:C17)-1) -> 732.5
A22: =F18/SQRT(G18*H18) -> 0.16478635

Sheet Лаг8
A1: t | B1: yt | C1: y t-1
A2: 1 | B2: 375
A3: 2 | B3: 371
A4: 3 | B4: 869
A5: 4 | B5: 1015
A6: 5 | B6: 357
A7: 6 | B7: 471
A8: 7 | B8: 992
A9: 8 | B9: 1020
A10: 9 | B10: 390 | C10: =B2 -> 375 | D10: =B10-$B$19 -> -366.125 | E10: =C10-$C$19 -> -406.42857 | F10: =D10*E10 -> 148803.66 | G10: =D10*D10 -> 134047.52 | H10: =E10*E10 -> 165184.18
A11: 10 | B11: 355 | C11: =B3 -> 371 | D11: =B11-$B$19 -> -401.125 | E11: =C11-$C$19 -> -410.42857 | F11: =D11*E11 -> 164633.16 | G11: =D11*D11 -> 160901.27 | H11: =E11*E11 -> 168451.61
A12: 11 | B12: 992 | C12: =B4 -> 869 | D12: =B12-$B$19 -> 235.875 | E12: =C12-$C$19 -> 87.571429 | F12: =D12*E12 -> 20655.911 | G12: =D12*D12 -> 55637.016 | H12: =E12*E12 -> 7668.7551
A13: 12 | B13: 905 | C13: =B5 -> 1015 | D13: =B13-$B$19 -> 148.875 | E13: =C13-$C$19 -> 233.57143 | F13: =D13*E13 -> 34772.946 | G13: =D13*D13 -> 22163.766 | H13: =E13*E13 -> 54555.612
A14: 13 | B14: 461 | C14: =B6 -> 357 | D14: =B14-$B$19 -> -295.125 | E14: =C14-$C$19 -> -424.42857 | F14: =D14*E14 -> 125259.48 | G14: =D14*D14 -> 87098.766 | H14: =E14*E14 -> 180139.61
A15: 14 | B15: 454 | C15: =B7 -> 471 | D15: =B15-$B$19 -> -302.125 | E15: =C15-$C$19 -> -310.42857 | F15: =D15*E15 -> 93788.232 | G15: =D15*D15 -> 91279.516 | H15: =E15*E15 -> 96365.898
A16: 15 | B16: 920 | C16: =B8 -> 992 | D16: =B16-$B$19 -> 163.875 | E16: =C16-$C$19 -> 210.57143 | F16: =D16*E16 -> 34507.393 | G16: =D16*D16 -> 26855.016 | H16: =E16*E16 -> 44340.327
A17: 16 | B17: =927-375 -> 552 | C17: =B9 -> 1020 | D17: =B17-$B$19 -> -204.125 | E17: =C17-$C$19 -> 238.57143 | F17: =D17*E17 -> -48698.393 | G17: =D17*D17 -> 41667.016 | H17: =E17*E17 -> 56916.327
A18: Сумма | B18: =SUM(B9:B17) -> 6049 | C18: =SUM(C10:C17) -> 5470 | F18: =SUM(F2:F17) -> 573722.39 | G18: =SUM(G2:G17) -> 619649.88 | H18: =SUM(H2:H17) -> 773622.33
A19: Среднее | B19: =B18/(COUNT(B2:B17)-8) -> 756.125 | C19: =C18/(COUNTA(C2:C17)-1) -> 781.42857
A22: =F18/SQRT(G18*H18) -> 0.82863662

Sheet Лаг9
A1: t | B1: yt | C1: y t-1
A2: 1 | B2: 375
A3: 2 | B3: 371
A4: 3 | B4: 869
A5: 4 | B5: 1015
A6: 5 | B6: 357
A7: 6 | B7: 471
A8: 7 | B8: 992
A9: 8 | B9: 1020
A10: 9 | B10: 390
A11: 10 | B11: 355 | C11: =B2 -> 375 | D11: =B11-$B$19 -> -363.42857 | E11: =C11-$C$19 -> -366.66667 | F11: =D11*E11 -> 133257.14 | G11: =D11*D11 -> 132080.33 | H11: =E11*E11 -> 134444.44
A12: 11 | B12: 992 | C12: =B3 -> 371 | D12: =B12-$B$19 -> 273.57143 | E12: =C12-$C$19 -> -370.66667 | F12: =D12*E12 -> -101403.81 | G12: =D12*D12 -> 74841.327 | H12: =E12*E12 -> 137393.78
A13: 12 | B13: 905 | C13: =B4 -> 869 | D13: =B13-$B$19 -> 186.57143 | E13: =C13-$C$19 -> 127.33333 | F13: =D13*E13 -> 23756.762 | G13: =D13*D13 -> 34808.898 | H13: =E13*E13 -> 16213.778
A14: 13 | B14: 461 | C14: =B5 -> 1015 | D14: =B14-$B$19 -> -257.42857 | E14: =C14-$C$19 -> 273.33333 | F14: =D14*E14 -> -70363.81 | G14: =D14*D14 -> 66269.469 | H14: =E14*E14 -> 74711.111
A15: 14 | B15: 454 | C15: =B6 -> 357 | D15: =B15-$B$19 -> -264.42857 | E15: =C15-$C$19 -> -384.66667 | F15: =D15*E15 -> 101716.86 | G15: =D15*D15 -> 69922.469 | H15: =E15*E15 -> 147968.44
A16: 15 | B16: 920 | C16: =B7 -> 471 | D16: =B16-$B$19 -> 201.57143 | E16: =C16-$C$19 -> -270.66667 | F16: =D16*E16 -> -54558.667 | G16: =D16*D16 -> 40631.041 | H16: =E16*E16 -> 73260.444
A17: 16 | B17: =927-375 -> 552 | C17: =B8 -> 992 | D17: =B17-$B$19 -> -166.42857 | E17: =C17-$C$19 -> 250.33333 | F17: =D17*E17 -> -41662.619 | G17: =D17*D17 -> 27698.469 | H17: =E17*E17 -> 62666.778
A18: Сумма | B18: =SUM(B10:B17) -> 5029 | C18: =SUM(C11:C17) -> 4450 | F18: =SUM(F2:F17) -> -9258.1429 | G18: =SUM(G2:G17) -> 446252 | H18: =SUM(H2:H17) -> 646658.78
A19: Среднее | B19: =B18/(COUNT(B2:B17)-9) -> 718.42857 | C19: =C18/(COUNTA(C2:C17)-1) -> 741.66667
A22: =F18/SQRT(G18*H18) -> -0.017234401

Sheet Лаг10
A1: t | B1: yt | C1: y t-1
A2: 1 | B2: 375
A3: 2 | B3: 371
A4: 3 | B4: 869
A5: 4 | B5: 1015
A6: 5 | B6: 357
A7: 6 | B7: 471
A8: 7 | B8: 992
A9: 8 | B9: 1020
A10: 9 | B10: 390
A11: 10 | B11: 355
A12: 11 | B12: 992 | C12: =B2 -> 375 | D12: =B12-$B$19 -> 218.83333 | E12: =C12-$C$19 -> -316.6 | F12: =D12*E12 -> -69282.633 | G12: =D12*D12 -> 47888.028 | H12: =E12*E12 -> 100235.56
A13: 12 | B13: 905 | C13: =B3 -> 371 | D13: =B13-$B$19 -> 131.83333 | E13: =C13-$C$19 -> -320.6 | F13: =D13*E13 -> -42265.767 | G13: =D13*D13 -> 17380.028 | H13: =E13*E13 -> 102784.36
A14: 13 | B14: 461 | C14: =B4 -> 869 | D14: =B14-$B$19 -> -312.16667 | E14: =C14-$C$19 -> 177.4 | F14: =D14*E14 -> -55378.367 | G14: =D14*D14 -> 97448.028 | H14: =E14*E14 -> 31470.76
A15: 14 | B15: 454 | C15: =B5 -> 1015 | D15: =B15-$B$19 -> -319.16667 | E15: =C15-$C$19 -> 323.4 | F15: =D15*E15 -> -103218.5 | G15: =D15*D15 -> 101867.36 | H15: =E15*E15 -> 104587.56
A16: 15 | B16: 920 | C16: =B6 -> 357 | D16: =B16-$B$19 -> 146.83333 | E16: =C16-$C$19 -> -334.6 | F16: =D16*E16 -> -49130.433 | G16: =D16*D16 -> 21560.028 | H16: =E16*E16 -> 111957.16
A17: 16 | B17: =927-375 -> 552 | C17: =B7 -> 471 | D17: =B17-$B$19 -> -221.16667 | E17: =C17-$C$19 -> -220.6 | F17: =D17*E17 -> 48789.367 | G17: =D17*D17 -> 48914.694 | H17: =E17*E17 -> 48664.36
A18: Сумма | B18: =SUM(B11:B17) -> 4639 | C18: =SUM(C12:C17) -> 3458 | F18: =SUM(F2:F17) -> -270486.33 | G18: =SUM(G2:G17) -> 335058.17 | H18: =SUM(H2:H17) -> 499699.76
A19: Среднее | B19: =B18/(COUNT(B2:B17)-10) -> 773.16667 | C19: =C18/(COUNTA(C2:C17)-1) -> 691.6
A22: =F18/SQRT(G18*H18) -> -0.66104443

Sheet Лаг11
A1: t | B1: yt | C1: y t-1
A2: 1 | B2: 375
A3: 2 | B3: 371
A4: 3 | B4: 869
A5: 4 | B5: 1015
A6: 5 | B6: 357
A7: 6 | B7: 471
A8: 7 | B8: 992
A9: 8 | B9: 1020
A10: 9 | B10: 390
A11: 10 | B11: 355
A12: 11 | B12: 992
A13: 12 | B13: 905 | C13: =B2 -> 375 | D13: =B13-$B$19 -> 48.2 | E13: =C13-$C$19 -> -371.75 | F13: =D13*E13 -> -17918.35 | G13: =D13*D13 -> 2323.24 | H13: =E13*E13 -> 138198.06
A14: 13 | B14: 461 | C14: =B3 -> 371 | D14: =B14-$B$19 -> -395.8 | E14: =C14-$C$19 -> -375.75 | F14: =D14*E14 -> 148721.85 | G14: =D14*D14 -> 156657.64 | H14: =E14*E14 -> 141188.06
A15: 14 | B15: 454 | C15: =B4 -> 869 | D15: =B15-$B$19 -> -402.8 | E15: =C15-$C$19 -> 122.25 | F15: =D15*E15 -> -49242.3 | G15: =D15*D15 -> 162247.84 | H15: =E15*E15 -> 14945.062
A16: 15 | B16: 920 | C16: =B5 -> 1015 | D16: =B16-$B$19 -> 63.2 | E16: =C16-$C$19 -> 268.25 | F16: =D16*E16 -> 16953.4 | G16: =D16*D16 -> 3994.24 | H16: =E16*E16 -> 71958.062
A17: 16 | B17: =927-375 -> 552 | C17: =B6 -> 357 | D17: =B17-$B$19 -> -304.8 | E17: =C17-$C$19 -> -389.75 | F17: =D17*E17 -> 118795.8 | G17: =D17*D17 -> 92903.04 | H17: =E17*E17 -> 151905.06
A18: Сумма | B18: =SUM(B12:B17) -> 4284 | C18: =SUM(C13:C17) -> 2987 | F18: =SUM(F2:F17) -> 217310.4 | G18: =SUM(G2:G17) -> 418126 | H18: =SUM(H2:H17) -> 518194.31
A19: Среднее | B19: =B18/(COUNT(B2:B17)-11) -> 856.8 | C19: =C18/(COUNTA(C2:C17)-1) -> 746.75
A22: =F18/SQRT(G18*H18) -> 0.46685348

Sheet Лаг12
A1: t | B1: yt | C1: y t-1
A2: 1 | B2: 375
A3: 2 | B3: 371
A4: 3 | B4: 869
A5: 4 | B5: 1015
A6: 5 | B6: 357
A7: 6 | B7: 471
A8: 7 | B8: 992
A9: 8 | B9: 1020
A10: 9 | B10: 390
A11: 10 | B11: 355
A12: 11 | B12: 992
A13: 12 | B13: 905
A14: 13 | B14: 461 | C14: =B2 -> 375 | D14: =B14-$B$19 -> -362 | E14: =C14-$C$19 -> -501.66667 | F14: =D14*E14 -> 181603.33 | G14: =D14*D14 -> 131044 | H14: =E14*E14 -> 251669.44
A15: 14 | B15: 454 | C15: =B3 -> 371 | D15: =B15-$B$19 -> -369 | E15: =C15-$C$19 -> -505.66667 | F15: =D15*E15 -> 186591 | G15: =D15*D15 -> 136161 | H15: =E15*E15 -> 255698.78
A16: 15 | B16: 920 | C16: =B4 -> 869 | D16: =B16-$B$19 -> 97 | E16: =C16-$C$19 -> -7.6666667 | F16: =D16*E16 -> -743.66667 | G16: =D16*D16 -> 9409 | H16: =E16*E16 -> 58.777778
A17: 16 | B17: =927-375 -> 552 | C17: =B5 -> 1015 | D17: =B17-$B$19 -> -271 | E17: =C17-$C$19 -> 138.33333 | F17: =D17*E17 -> -37488.333 | G17: =D17*D17 -> 73441 | H17: =E17*E17 -> 19136.111
A18: Сумма | B18: =SUM(B13:B17) -> 3292 | C18: =SUM(C14:C17) -> 2630 | F18: =SUM(F2:F17) -> 329962.33 | G18: =SUM(G2:G17) -> 350055 | H18: =SUM(H2:H17) -> 526563.11
A19: Среднее | B19: =B18/(COUNT(B2:B17)-12) -> 823 | C19: =C18/(COUNTA(C2:C17)-1) -> 876.66667
A22: =F18/SQRT(G18*H18) -> 0.76854802

Sheet Коррелограмма
A1: t | B1: yt | L1: t | M1: r
A2: 1 | B2: 375 | L2: 1 | M2: =Лаг1!A22 -> -0.003821581
A3: 2 | B3: 371 | L3: 2 | M3: =Лаг2!A22 -> -0.86956178
A4: 3 | B4: 869 | L4: 3 | M4: =Лаг3!A22 -> 0.078081864
A5: 4 | B5: 1015 | L5: 4 | M5: =Лаг4!A22 -> 0.90366285
A6: 5 | B6: 357 | L6: 5 | M6: =Лаг5!A22 -> -0.065205972
A7: 6 | B7: 471 | L7: 6 | M7: =Лаг6!A22 -> -0.78180799
A8: 7 | B8: 992 | L8: 7 | M8: =Лаг7!A22 -> 0.16478635
A9: 8 | B9: 1020 | L9: 8 | M9: =Лаг8!A22 -> 0.82863662
A10: 9 | B10: 390 | L10: 9 | M10: =Лаг9!A22 -> -0.017234401
A11: 10 | B11: 355 | L11: 10 | M11: =Лаг10!A22 -> -0.66104443
A12: 11 | B12: 992 | L12: 11 | M12: =Лаг11!A22 -> 0.46685348
A13: 12 | B13: 905 | L13: 12 | M13: =Лаг12!A22 -> 0.76854802
A14: 13 | B14: 461
A15: 14 | B15: 454
A16: 15 | B16: 920
A17: 16 | B17: =927-375 -> 552
